<?xml version="1.0"?>

<!DOCTYPE MODE SYSTEM "xmode.dtd">

<!-- AWK mode, by Matthias Schneider -->
<MODE NAME="awk">
	<PROPS>
		<PROPERTY NAME="indentOpenBrackets" VALUE="{" />
		<PROPERTY NAME="indentCloseBrackets" VALUE="}" />
		<PROPERTY NAME="blockComment" VALUE="#" />
		<PROPERTY NAME="filenameGlob" VALUE="*.awk" />
		<PROPERTY NAME="noWordSep" VALUE="_" />
		<PROPERTY NAME="wordBreakChars" VALUE=",+-=&lt;&gt;/?^&amp;*" />
	</PROPS>
	<RULES ESCAPE="\" IGNORE_CASE="FALSE" HIGHLIGHT_DIGITS="TRUE">
		<!-- whitespace: (space and tab) -->
		<WHITESPACE> </WHITESPACE>
		<WHITESPACE>	</WHITESPACE>

		<SPAN TYPE="LITERAL1" NO_LINE_BREAK="TRUE">
			<BEGIN>"</BEGIN>
			<END>"</END>
		</SPAN>
		<SPAN TYPE="LITERAL1" NO_LINE_BREAK="TRUE">
			<BEGIN>'</BEGIN>
			<END>'</END>
		</SPAN>

		<EOL_SPAN TYPE="COMMENT1">#</EOL_SPAN>
		<SEQ TYPE="NULL">)</SEQ>
		<SEQ TYPE="NULL">(</SEQ>
		<SEQ TYPE="OPERATOR">=</SEQ>
		<SEQ TYPE="OPERATOR">!</SEQ>
		<SEQ TYPE="OPERATOR">&gt;=</SEQ>
		<SEQ TYPE="OPERATOR">&lt;=</SEQ>
		<SEQ TYPE="OPERATOR">+</SEQ>
		<SEQ TYPE="OPERATOR">-</SEQ>
		<SEQ TYPE="OPERATOR">/</SEQ>
		<SEQ TYPE="OPERATOR">*</SEQ>
		<SEQ TYPE="OPERATOR">&gt;</SEQ>
		<SEQ TYPE="OPERATOR">&lt;</SEQ>
		<SEQ TYPE="OPERATOR">%</SEQ>
		<SEQ TYPE="OPERATOR">&amp;</SEQ>
		<SEQ TYPE="OPERATOR">|</SEQ>
		<SEQ TYPE="OPERATOR">^</SEQ>
		<SEQ TYPE="OPERATOR">~</SEQ>
		<SEQ TYPE="OPERATOR">}</SEQ>
		<SEQ TYPE="OPERATOR">{</SEQ>
		<SEQ TYPE="NULL">.</SEQ>
		<SEQ TYPE="NULL">,</SEQ>
		<SEQ TYPE="NULL">;</SEQ>
		<SEQ TYPE="NULL">]</SEQ>
		<SEQ TYPE="NULL">[</SEQ>
		<SEQ TYPE="NULL">?</SEQ>
		<MARK_PREVIOUS TYPE="LABEL" EXCLUDE_MATCH="TRUE"
			AT_LINE_START="TRUE">:</MARK_PREVIOUS>
		<SEQ TYPE="NULL">:</SEQ>

		<KEYWORDS IGNORE_CASE="FALSE">
			<KEYWORD1>break</KEYWORD1>
			<KEYWORD1>close</KEYWORD1>
			<KEYWORD1>continue</KEYWORD1>
			<KEYWORD1>delete</KEYWORD1>
			<KEYWORD1>do</KEYWORD1>
			<KEYWORD1>else</KEYWORD1>
			<KEYWORD1>exit</KEYWORD1>
			<KEYWORD1>for</KEYWORD1>
			<KEYWORD1>huge</KEYWORD1>
			<KEYWORD1>if</KEYWORD1>
			<KEYWORD1>in</KEYWORD1>
			<KEYWORD1>function</KEYWORD1>
			<KEYWORD1>next</KEYWORD1>
			<KEYWORD1>print</KEYWORD1>
			<KEYWORD1>printf</KEYWORD1>
			<KEYWORD1>return</KEYWORD1>
			<KEYWORD1>while</KEYWORD1>

			<KEYWORD2>atan2</KEYWORD2>
			<KEYWORD2>cos</KEYWORD2>
			<KEYWORD2>exp</KEYWORD2>
			<KEYWORD2>getline</KEYWORD2>
			<KEYWORD2>gsub</KEYWORD2>
			<KEYWORD2>index</KEYWORD2>
			<KEYWORD2>int</KEYWORD2>
			<KEYWORD2>length</KEYWORD2>
			<KEYWORD2>log</KEYWORD2>
			<KEYWORD2>match</KEYWORD2>
			<KEYWORD2>rand</KEYWORD2>
			<KEYWORD2>sin</KEYWORD2>
			<KEYWORD2>split</KEYWORD2>
			<KEYWORD2>sprintf</KEYWORD2>
			<KEYWORD2>sqrt</KEYWORD2>
			<KEYWORD2>srand</KEYWORD2>
			<KEYWORD2>sub</KEYWORD2>
			<KEYWORD2>substr</KEYWORD2>
			<KEYWORD2>system</KEYWORD2>
			<KEYWORD2>tolower</KEYWORD2>
			<KEYWORD2>toupper</KEYWORD2>

			<KEYWORD3>BEGIN</KEYWORD3>
			<KEYWORD3>END</KEYWORD3>
			<KEYWORD3>FILENAME</KEYWORD3>
			<KEYWORD3>FS</KEYWORD3>
			<KEYWORD3>NF</KEYWORD3>
			<KEYWORD3>NR</KEYWORD3>
			<KEYWORD3>OFS</KEYWORD3>
			<KEYWORD3>ORS</KEYWORD3>
			<KEYWORD3>RS</KEYWORD3>
			<KEYWORD3>$0</KEYWORD3>
			<KEYWORD3>ARGC</KEYWORD3>
			<KEYWORD3>ARGV</KEYWORD3>
			<KEYWORD3>FNR</KEYWORD3>
			<KEYWORD3>OFMT</KEYWORD3>
			<KEYWORD3>RSTART</KEYWORD3>
			<KEYWORD3>RLENGTH</KEYWORD3>
			<KEYWORD3>SUBSEP</KEYWORD3>
			<KEYWORD3>ENVIRON</KEYWORD3>
			<KEYWORD3>IGNORECASE</KEYWORD3>
		</KEYWORDS>
	</RULES>
</MODE>
