<?xml version="1.0"?>

<!DOCTYPE MODE SYSTEM "xmode.dtd">

<MODE NAME="tex">
	<PROPS>
		<PROPERTY NAME="filenameGlob" VALUE="*.{tex,sty,ltx}" />
		<PROPERTY NAME="blockComment" VALUE="%" />
	</PROPS>
	<RULES>
		<WHITESPACE> </WHITESPACE>
		<WHITESPACE>	</WHITESPACE>

		<!-- $$...$$ -->
		<SPAN TYPE="MARKUP" DELEGATE="MATH">
			<BEGIN>$$</BEGIN>
			<END>$$</END>
		</SPAN>

		<!-- $...$ -->
		<SPAN TYPE="MARKUP" DELEGATE="MATH">
			<BEGIN>$</BEGIN>
			<END>$</END>
		</SPAN>

		<!-- \[...\] (LaTeX math mode) -->
		<SPAN TYPE="MARKUP" DELEGATE="MATH">
			<BEGIN>\[</BEGIN>
			<END>\]</END>
		</SPAN>

		<!-- some commands must be handled specially -->
		<SEQ TYPE="KEYWORD1">\$</SEQ>
		<SEQ TYPE="KEYWORD1">\\</SEQ>
		<SEQ TYPE="KEYWORD1">\%</SEQ>

		<!-- \... commands -->
		<MARK_FOLLOWING TYPE="KEYWORD1">\</MARK_FOLLOWING>

		<!-- comments -->
		<EOL_SPAN TYPE="COMMENT1">%</EOL_SPAN>

		<!-- word separators -->
		<SEQ TYPE="NULL">)</SEQ>
		<SEQ TYPE="NULL">(</SEQ>
		<SEQ TYPE="OPERATOR">{</SEQ>
		<SEQ TYPE="OPERATOR">}</SEQ>
		<SEQ TYPE="OPERATOR">[</SEQ>
		<SEQ TYPE="OPERATOR">]</SEQ>
		<SEQ TYPE="NULL">=</SEQ>
		<SEQ TYPE="NULL">!</SEQ>
		<SEQ TYPE="NULL">+</SEQ>
		<SEQ TYPE="NULL">-</SEQ>
		<SEQ TYPE="NULL">/</SEQ>
		<SEQ TYPE="NULL">*</SEQ>
		<SEQ TYPE="NULL">&gt;</SEQ>
		<SEQ TYPE="NULL">&lt;</SEQ>
		<SEQ TYPE="NULL">&amp;</SEQ>
		<SEQ TYPE="NULL">|</SEQ>
		<SEQ TYPE="NULL">^</SEQ>
		<SEQ TYPE="NULL">~</SEQ>
		<SEQ TYPE="NULL">.</SEQ>
		<SEQ TYPE="NULL">,</SEQ>
		<SEQ TYPE="NULL">;</SEQ>
		<SEQ TYPE="NULL">?</SEQ>
		<SEQ TYPE="NULL">:</SEQ>
		<SEQ TYPE="NULL">'</SEQ>
		<SEQ TYPE="NULL">"</SEQ>
		<SEQ TYPE="NULL">`</SEQ>
	</RULES>

	<RULES SET="MATH" DEFAULT="MARKUP">
		<!-- whitespace: (space and tab) -->
		<WHITESPACE> </WHITESPACE>
		<WHITESPACE>	</WHITESPACE>

		<!-- some commands must be handled specially -->
		<SEQ TYPE="KEYWORD3">\$</SEQ>
		<SEQ TYPE="KEYWORD3">\\</SEQ>
		<SEQ TYPE="KEYWORD3">\%</SEQ>

		<!-- \... commands -->
		<MARK_FOLLOWING TYPE="KEYWORD3">\</MARK_FOLLOWING>

		<!-- word separators -->
		<SEQ TYPE="KEYWORD2">)</SEQ>
		<SEQ TYPE="KEYWORD2">(</SEQ>
		<SEQ TYPE="KEYWORD2">{</SEQ>
		<SEQ TYPE="KEYWORD2">}</SEQ>
		<SEQ TYPE="KEYWORD2">[</SEQ>
		<SEQ TYPE="KEYWORD2">]</SEQ>
		<SEQ TYPE="KEYWORD2">=</SEQ>
		<SEQ TYPE="KEYWORD2">!</SEQ>
		<SEQ TYPE="KEYWORD2">+</SEQ>
		<SEQ TYPE="KEYWORD2">-</SEQ>
		<SEQ TYPE="KEYWORD2">/</SEQ>
		<SEQ TYPE="KEYWORD2">*</SEQ>
		<SEQ TYPE="KEYWORD2">&gt;</SEQ>
		<SEQ TYPE="KEYWORD2">&lt;</SEQ>
		<SEQ TYPE="KEYWORD2">&amp;</SEQ>
		<SEQ TYPE="KEYWORD2">|</SEQ>
		<SEQ TYPE="KEYWORD2">^</SEQ>
		<SEQ TYPE="KEYWORD2">~</SEQ>
		<SEQ TYPE="KEYWORD2">.</SEQ>
		<SEQ TYPE="KEYWORD2">,</SEQ>
		<SEQ TYPE="KEYWORD2">;</SEQ>
		<SEQ TYPE="KEYWORD2">?</SEQ>
		<SEQ TYPE="KEYWORD2">:</SEQ>
		<SEQ TYPE="KEYWORD2">'</SEQ>
		<SEQ TYPE="KEYWORD2">"</SEQ>
		<SEQ TYPE="KEYWORD2">`</SEQ>

		<!-- comments -->
		<EOL_SPAN TYPE="COMMENT1">%</EOL_SPAN>
	</RULES>
</MODE>
